"","variable","value"
"1","Variance",-0.144664003550821
"2","Variance",0.837720372836218
"3","Variance",-0.471069684864625
"4","Variance",0.769835774522858
"5","Autocorrelation",-0.361960053262317
"6","Autocorrelation",0.524900133155792
"7","Autocorrelation",-0.343623612960497
"8","Autocorrelation",0.464720816688859
